LJ035-0114|Neither elevator could have been used by Oswald as a means of descent.
LJ009-0261|the convict was half on the platform, half hanging, and the convulsions of his body were appalling.
LJ040-0020|It certainly could not be made by this Commission which, as has been pointed out above,
LJ044-0074|an agent of Bringuier's attempting to learn more about the true nature
LJ021-0139|There should be at least a full and fair trial given to these means of ending industrial warfare;
LJ048-0194|during the morning of November twenty-two prior to the motorcade.
LJ037-0238|she identified a picture of Oswald as being the same person she saw on November twenty-two.
LJ033-0196|The green cotton fibers found in the paper bag matched some of the green cotton fibers in the blanket
LJ017-0018|was ignorant of the destructive character of the powders, probably arsenic, which she administered.
LJ018-0108|His copies were generally pronounced indistinguishable from and as good as the originals.
LJ045-0236|He admitted nothing that would damage him but discussed other matters quite freely.
LJ042-0185|economic, political, or military crisis, internal or external,
LJ006-0298|while older women in infirm health were sent across the seas.
LJ009-0073|The forger has never moved.
LJ010-0074|After this he tried farming, but failed.
LJ002-0127|and the aggregate amount of debts sued for was eighty-one thousand, seven hundred ninety-one pounds.
LJ043-0178|as, in fact, one of them did appear after the assassination.
LJ004-0215|mainly through the exertions of a new governor, Mr. Brown, who succeeded Mr. Newman at Newgate in eighteen seventeen.
LJ037-0096|Several days later he reported what he had seen and was questioned by FBI agents.
LJ018-0334|Webster, it may be mentioned here, was one of the worst prisoners ever remembered in Newgate
LJ015-0226|After hanging about the Folkestone office for some time, they saw at last that the key was kept in a certain cupboard.
LJ021-0193|All of these cries have been heard before.
LJ044-0090|I think that we finished him on that program because we had publicly linked the Fair Play for Cuba Committee
LJ037-0045|He was just fooling with it. I didn't know what he was doing. I was afraid he was fixing to kill me. End quote.
LJ001-0147|The position of the page on the paper should be considered if the book is to have a satisfactory look.
LJ007-0057|Turnkeys occasionally visited the press-yard, but its occupants were under little or no control.
LJ002-0213|The Fleet, which stood in Farringdon Street,
LJ039-0196|Three FBI firearms experts tested the rifle in order to determine the speed with which it could be fired.
LJ002-0231|There was no distinct place for the female debtors, who lived in the same galleries as the men.
LJ040-0033|At the same time he professed his love for her and said that he could not get along without her.
LJ020-0083|prick each with a fork and let them rise near the fire for half an hour, covered with a light cloth.
LJ045-0115|and he thought that he loses jobs because the FBI visits the place of his employment, end quote.
LJ039-0060|The Nature of the Shots
LJ042-0218|to the entire land and complete foundations of his society, end quote.
LJ032-0144|was confirmed by FBI Laboratory tests which established that the adhesive material bearing the print
LJ002-0042|and supposed to accommodate twenty persons. The eight remaining wards were for the common side debtors,
LJ042-0181|Oswald realized that, quote, their thinking and education will be steeped in the traditions of those systems
LJ029-0053|which advise it of potential threats immediately before the visit of the President to their community.
LJ048-0181|The danger from a concealed sniper on the Dallas trip was of concern to those who had considered the problem.
LJ038-0229|"Either the viaduct or the underpass might have been the ""bridge"" mentioned in the last paragraph of the note."
LJ002-0160|and John Lancaster for one shilling, eight pence, with costs of seven shillings, six pence. Quote.
LJ036-0091|And neither Captain Fritz nor any other officer can remember that Oswald dramatically arose from his chair
LJ008-0103|who had just arrived from the purlieus of Black Boy Alley, woebegone as Romeo's apothecary, exclaiming,
LJ023-0063|But the framers went further.
LJ006-0285|which numbers of well-meaning but inquisitive people were anxious to witness.
LJ036-0186|Oswald had entered the house in his shirt sleeves, but when he left, he was zipping up a jacket.
LJ036-0016|Lee Harvey Oswald left the building approximately three minutes after the assassination.
LJ033-0149|the FBI Laboratory developed a latent palmprint and latent fingerprint on the bag.
LJ037-0215|She also testified that this appeared to be the revolver seen in Oswald's belt
LJ012-0261|This brought suspicion on to a certain James Greenacre,
LJ038-0187|I paid for the box last month so don't worry about it.
LJ047-0119|Neither these discrepancies nor the fact that Oswald had initiated the FBI interview
LJ034-0083|The significance of Givens' observation that Oswald was carrying his clipboard
LJ006-0164|But when he did visit, his inspections were of the most superficial character
LJ030-0068|Kellerman's responsibilities included maintaining radio communications with the lead and follow-up cars,
LJ023-0071|For nearly twenty years there was no conflict between the Congress and the Court.
LJ018-0153|the officers ensconced themselves in the latter, and waited for Buncher's expected visit.
LJ016-0209|Some wags in Scotland seized Calcraft and kept him in durance the night before the execution.
LJ042-0093|They sent him to Minsk to work in a radio and television factory as a metal worker.
LJ048-0232|and the last agent left the Press Club by two a.m.
LJ003-0205|Those who were thus reckless reacted upon the penitent who knew their days were numbered,
LJ023-0029|we cannot delay one moment in making certain that our national government has power to carry through.
LJ012-0090|He went out next morning with the booty when the doors were re-opened, and attracted no attention.
LJ021-0148|may be determined and any later adjustments shall be made either by agreement or, in case of disagreement,
LJ003-0106|The first night in Newgate, and for the subsequent fortnight,
LJ037-0227|Mrs. Markham told Poe
LJ009-0278|Bousfield slowly drew himself up, and rested with his feet on the right side of the drop.
LJ033-0026|There was little conversation between them on the way home.
LJ015-0163|was standing at a railway station talking to a certain well-known peer of the realm.
LJ039-0117|He had the services of an experienced highly trained coach.
LJ037-0017|The man cut across the yard through some bushes, passed within twelve feet of Scoggins, and ran south on Patton.
LJ043-0062|Oswald's defection, his interest in the Soviet Union, and his activities on behalf of the Fair Play for Cuba Committee
LJ019-0145|But reformation was only skin deep. Below the surface many of the old evils still rankled.
LJ040-0036|and, apparently seriously, as a political prophet -- a man who said that after twenty years he would be prime minister.
LJ035-0205|and no one could be found who saw Oswald anywhere else in the building until after the shooting.
LJ033-0162|from the shipping room of the Depository and forwarded it to the FBI Laboratory in Washington.
LJ014-0050|while Calcraft adjusted the noose.
LJ015-0250|and the theft might have remained a mystery but for the subsequent bad faith of Pierce to his accomplice Agar.
LJ004-0011|"Mr. Neild was compelled to admit in eighteen twelve that ""the great reformation produced by Howard"
LJ034-0173|He said that the man held his attention until the motorcade came because the man, quote,
LJ023-0048|Two of the horses are pulling in unison today; the third is not.
LJ032-0047|According to the vice president of Klein's, William Waldman,
LJ029-0167|On the morning of the President's arrival,
LJ038-0079|on November twenty-four.
LJ015-0312|The proceeds of these forgeries amounted, it was said, to some thousands per annum.
LJ017-0124|He frequently declared before and during the trial that it would be impossible to find him guilty.
LJ046-0006|During this same period there were three other attacks on the life of a President,
LJ042-0196|Oswald's decided rejection of both capitalism and communism
LJ032-0129|Accordingly, my opinion simply was that the latent prints which were there were of no value, end quote.
LJ036-0216|Tippit got out and started to walk around the front of the car
LJ034-0127|Brennan testified that they were standing, which is their apparent position in the photograph.
LJ024-0034|"What do they mean by the words ""packing the Court""?"
LJ001-0087|for the seventeenth-century letters are at least pure and simple in line. The Italian, Bodoni, and the Frenchman, Didot,
LJ003-0009|The day passed in revelry and drunkenness. Although spirituous liquors were forbidden,
LJ008-0250|and lay disregarded beside the body of the poor dog which, while searching for its master in the crowd,
LJ016-0158|"It was that of a ""Long Firm"" swindler, by name Johnson,"
LJ045-0010|The Commission has found no evidence that the extreme views expressed toward President Kennedy
LJ015-0113|followed him over to Sweden, and arrested him at Helsingfors.
LJ003-0264|Among the daily visitors were members of the criminal classes still at large,
LJ023-0051|It is the American people themselves who are in the driver's seat.
LJ010-0215|"This letter went on to say that a new member had been introduced by Lt. Mars, ""a fine, tall, gentlemanly young man,"
LJ028-0234|Cyrus was now reduced to great perplexity, as time went on and he made no progress against the place.
LJ003-0080|two committed by the Bankruptcy Commissioner, one for perjury, and two transports.
LJ009-0128|I have been present at the scene not less than twenty times, and have invariably observed
LJ033-0051|Neither Marina Oswald nor Ruth Paine saw Oswald in the garage.
LJ028-0438|However, it is possible that the hanging gardens existed only in the imagination of the Greek writers,
LJ036-0014|Oswald's Movements After Leaving Depository Building
LJ046-0208|Presidential protection was an important topic in these training programs.
LJ040-0098|Marguerite Oswald worked in miscellaneous jobs after her divorce from Ekdahl.
LJ022-0070|Provisions for social security, however, are protections for the future.
LJ010-0078|On his second release, goaded by his fancied wrongs, he began to plot a dark and dreadful revenge,
LJ046-0088|to operate in a sort of vacuum, isolated from the general public and behind impregnable barriers.
LJ001-0168|On the whole, a small book should be printed on paper which is as thin as may be without being transparent.
LJ028-0144|fifty royal cubits in width, and two hundred in height.
LJ013-0222|he did not shrink from murder, both for revenge and to conceal his other crimes.
LJ028-0387|The Sassanian kings of Persia were fond of hunting, and Babylon, then overgrown with trees, was their game preserve.
LJ034-0206|confirmed that Euins could neither describe the man in the window nor indicate his race.
LJ028-0377|until at last the foundations of the temples and palaces were buried fully a hundred feet beneath the surface.
LJ018-0197|an habitual offender in his own particular line, one who would stick at no trifles to evade detection or escape capture.
LJ038-0141|therefore, he made his weekly visit on Thursday night.
LJ016-0085|After this great iron guards, just as are to be seen in lunatic asylums,
LJ037-0218|Marina Oswald testified that this was the holster which contained the revolver in the photographs taken on Neely Street.
LJ029-0102|After the selection of the Trade Mart as the luncheon site,
LJ025-0161|of the oily, starchy, saccharine and woody substances contained in the full-grown plant and its seeds
LJ004-0126|The want of room was still a crying evil.
LJ004-0173|"and sometimes slept in ""the pit,"" loaded with heavy irons for a whole year, waiting the jail delivery."
LJ050-0236|Thus, in the four months following the assassination,
LJ029-0059|Dallas detectives in the lobby of the Trade Mart and in the luncheon area also had copies of these photographs.
LJ036-0021|On the basis of this punchmark, which was distinctive to each Dallas driver,
LJ003-0155|Tailoring and shoemaking was permitted, but it was deemed unsafe to allow a carpenter or blacksmith to have his tools.
LJ002-0155|for which the costs were six shillings ten pence.
LJ028-0030|"Your journey is at an end. Before you is Babylon, the ""Gate of God,"" as the old name means."
LJ022-0078|one. The projects should be useful.
LJ015-0152|His name headed every subscription list; his purse was always open.
LJ007-0201|each was provided with an iron bedstead, and a small desk at which the condemned man might read or write.
LJ028-0378|Even the shepherds ceased to graze their sheep there, and the wandering Arabs,
LJ019-0221|It was intended as far as possible that, except awaiting trial, no prisoner should find himself relegated to Newgate.
LJ029-0131|The building overlooks Dealey Plaza, an attractively landscaped triangle of three acres.
LJ017-0083|whom he persuaded to go and stay at Rugeley in an hotel just opposite his own house.
LJ008-0315|"""So-and-so, I am sorry to tell you that it is all against you;"" or,"
LJ024-0116|When the time comes for action,
LJ047-0205|to potential danger, quote,
LJ038-0021|She sent Brewer into the theatre to find the man and check the exits, told him about the assassination, and said, quote,
LJ019-0160|and check by remonstrance or threat of punishment all who broke the peace of the prison.
LJ041-0176|He recalled that Oswald had a specific interest in Latin America, particularly Cuba,
LJ028-0237|with orders to march into the town by the bed of the stream, as soon as the water became shallow enough:
LJ030-0052|with two collapsible jump seats between the front and rear seats.
LJ019-0176|The wards had open fires, but the separate cells were not warmed at all.
LJ044-0113|After he had begun his Cuban activity in New Orleans, quote,
LJ037-0210|testified before the Commission that the writing on the coupon was Oswald's.
LJ016-0434|When they brought in the two watchers to relieve guard one night, Sattler said,
LJ034-0201|but a radio reporter testified that Euins described the man to him as, quote, colored, end quote.
LJ022-0091|This Allotment Division will consider all of the recommendations submitted to it
LJ044-0063|and actually had only one thousand printed.
LJ028-0491|then a second wall still higher, a third and fourth and a fifth, each stronger and higher than the others,
LJ025-0085|the definition so changed will cover all animals, except certain parasites,
LJ030-0168|As she cradled her mortally wounded husband, Mrs. Kennedy cried, quote,
LJ027-0062|viz., the brain; and also usually, but not always, a number of posterior joints,
LJ021-0146|I shall seek assurances of the making and maintenance of agreements, which can be mutually relied upon,
LJ010-0132|As the executioner fastened the noose, he nodded to a friend he saw in the crowd;
LJ001-0008|has never been surpassed.
LJ016-0385|But the uneasiness soon wears off. The second night sleep comes readily, and is sound;
LJ047-0161|Mrs. Paine told Hosty also
LJ014-0081|Manning gave the coup de grace with a crowbar.
LJ014-0005|but too late to give substantial aid.
LJ025-0160|The weight of the nitrogenous protein compounds,
LJ044-0188|Oswald must have been thoroughly disillusioned when he left Mexico City on October two, nineteen sixty-three.
LJ008-0290|Of this I have treated at length in the last chapter.
LJ033-0104|When Frazier entered the building, he did not see Oswald.
LJ035-0079|The first test, run at normal walking pace, required one minute, eighteen seconds;
LJ021-0033|This has given safety to millions of depositors in these banks.
LJ037-0010|A taxi driver, William Scoggins,
LJ015-0135|He began in a very small way.
LJ032-0259|On several occasions, Michael Paine moved the blanket in the garage.
LJ023-0044|the need to meet the unanswered challenge of one-third of a Nation ill-nourished, ill-clad, ill-housed.
LJ042-0010|it appears that personal and psychological factors were also involved.
LJ043-0167|Even after his wife told him to destroy the notebook
LJ028-0127|was living in the city while the walls were still standing, though in a ruinous condition.
LJ022-0084|I next want to make it clear exactly how we shall direct the work.
LJ008-0201|in an adjoining house, that of an undertaker, was Lord Alfred Paget, also with several friends.
LJ050-0174|Protective Research participation in advance arrangements.
LJ038-0069|At one:fifty-one p.m., police car two reported by radio that it was on the way to headquarters with the suspect.
LJ009-0184|Lord Ferrers' body was brought to Surgeons' Hall after execution in his own carriage and six;
LJ004-0063|"and therefore you are bound to furnish him with moderate indeed but suitable accommodation."""
LJ013-0182|took Courvoisier into custody, and placed the two female servants under surveillance.
LJ018-0382|He had steadfastly refused to eat meat on some religions scruples, and for the same reason would not touch soup.
LJ002-0032|These were: one. The male debtors' side.
LJ016-0122|He made a strong rope with several of the sheets; then, returning to the male yard,
LJ029-0192|On October twenty-six the press reported Chief of Police Curry's plans
LJ007-0049|they suffered sickening anxiety, and wished to be locked up alone. This indiscriminate association lasted for months,
LJ005-0282|"""the comparatively innocent are seduced, the unwary are entrapped,"
LJ046-0237|As reported in chapter two, when the special file was reviewed on November eight,
LJ039-0081|Referring to a rifle with a four-power telescope, Sergeant Zahm said, quote,
LJ046-0082|must depend upon the utmost cooperation and understanding from the public and the President.
LJ003-0297|It admitted the paramount necessity
LJ006-0218|"Wrestling, in which legs were occasionally broken, was freely indulged in; also such low games as ""cobham,"""
LJ001-0056|It was these great Venetian printers, together with their brethren of Rome, Milan,
LJ013-0079|when Lord Campbell delivered judgment on Barber's petition, to the effect that
LJ034-0001|Report of the President's Commission on the Assassination of President Kennedy.
LJ020-0007|Five tablespoonfuls of yeast. One tablespoonful of white sugar.
LJ011-0275|There he was seated on some sort of wooden bench and securely fastened.
LJ050-0053|Broader and more selective criteria
LJ010-0092|Lord Harrowby's dinner-party was postponed, but the conspirators knew nothing of it,
LJ004-0023|Measures remedial, although at best partial and incomplete, were introduced from time to time.
LJ015-0030|The bank had been conducted on false principles;
LJ034-0047|were developed by chemical processes.
LJ012-0046|The second house was in Lower Queen Street, Islington, and he used it for some time as a depot for valuables.
LJ024-0062|President Taft appointed five members and named a Chief Justice;
LJ012-0228|The evidence from first to last was circumstantial,
LJ002-0163|a market porter, was arrested and committed at the suit of a publican
LJ039-0055|In deciding whether Lee Harvey Oswald fired the shots which killed President Kennedy and wounded Governor Connally,
LJ005-0040|It earnestly advocated the appointment of female officers to take exclusive charge of female prisoners,
LJ020-0079|drill several finger-holes in it and fill them with the melted butter, the dissolved soda and the beaten yolk of egg.
LJ003-0118|Various punishments were inflicted, the heaviest of which was standing in the pillory.
LJ028-0315|He replied that he was Zopyrus, and deserted to them from the Persians.
LJ014-0136|the culprit was really her husband, who killed O'Connor out of jealousy and revengeful feelings.
LJ029-0097|and on their return to Dallas drove over the route which Sorrels believed best suited for the proposed motorcade.
LJ009-0040|whose desk and pulpit were just in front of the condemned pew, and within a couple of yards of it.
LJ011-0008|whereupon he produced exchequer bills to the amount.
LJ032-0107|When seeking employment in New Orleans,
LJ002-0174|Mr. Buxton's friends at once paid the forty shillings, and the boy was released.
LJ047-0140|advising that an individual tentatively identified as Oswald had been in touch with the Soviet Embassy in Mexico City
LJ009-0081|For a while the preacher addresses himself to the congregation at large, who listen attentively
LJ022-0073|Our problem is to put to work three and one-half million employable persons now on the relief rolls.
LJ041-0062|testified that, quote, definitely the Marine Corps was not what he had expected it to be when he joined, end quote,
LJ029-0134|almost five hundred feet from Houston Street.
LJ003-0341|by a new jail built on the outskirts, as Holloway eventually was, and permitted itself to be altogether countered
LJ019-0143|Drinking and gaming,
LJ014-0164|as the wickedness and levity of the immense crowd collected at the execution this morning could be imagined by no man,
LJ048-0052|and less narrow interpretation of their responsibilities.
LJ003-0158|from whom still higher fees were exacted, with the same discreditable idea of swelling the revenues of the prison.
LJ039-0125|that Oswald was a good shot, somewhat better than or equal to -- better than the average let us say.
LJ047-0062|In March nineteen sixty-three, while attempting to locate Marina Oswald,
LJ007-0146|vaunting his own adventures, or listening to those of others;
LJ018-0144|The amount of Brewer's abstractions (who was eventually acquitted) was never exactly estimated.
LJ011-0192|The fact of the abduction did not transpire for some days.
LJ010-0163|secure as it seemed in the affections of her loyal people, freely appeared in public.
LJ023-0055|Like the Bible, it ought to be read again and again.
LJ011-0179|"so that it might become the exclusive property of her husband, ""whoever he might be."""
LJ004-0089|and to pay overseers or instructors out of the county rates.
LJ013-0250|In the same room a large axe and saw were found covered with blood.
LJ028-0068|They tell how he forced the exiles to carry heavy bags of sand across the desert to increase their burdens;
LJ047-0055|It does not preclude the agent in charge of the case from reopening it if he feels that further work should be done.
LJ048-0174|Similar arrangements for a motorcade of ten miles, including many blocks of tall commercial buildings is not practical.
LJ028-0474|It too was surmounted with towers.
LJ012-0007|Edwards, whom Mr. Gee easily identified with the others, at once admitted that he was the prime mover of the conspiracy.
LJ004-0064|"""You have for the same reason,"" he goes on, ""no right to ruin his habits by compelling him to be idle,"
LJ010-0234|backed possibly with the hope that, as in a much more recent case,
LJ037-0219|Oswald's Jacket
LJ013-0208|Lord William, according to the valet, was of a peevish, difficult temper;
LJ014-0336|Last of all, the well-known bankers Overend and Gurney, whose own affairs created much excitement some years later,
LJ028-0029|At last you see before you a mound rising like a mountain from the level plain.
LJ008-0252|Another deep roar, louder than any which had preceded it, broke from the multitude.
LJ018-0264|Roupell was quiet and submissive while in Newgate, unassuming in manner, and ready to make the best of his position.
LJ032-0171|and that this was the same shirt which Oswald wore on the morning of the assassination.
LJ010-0203|were bound to provide themselves with sword, rifle, dagger, and a pair of pistols;
LJ015-0008|These indeed were out to the value of three hundred sixty-seven thousand, eight hundred pounds.
LJ040-0047|That associate did not think that Oswald was a Communist.
LJ009-0146|Mr. Carver, the ordinary, appears to have addressed himself directly to Courvoisier,
LJ011-0242|Howard replied, desiring Mr. Mullay to call upon him in a house in Red Lion Square.
LJ005-0252|A committee was appointed, under the presidency of the Duke of Richmond
LJ003-0077|Two of the untried were for murder, and several for house-breaking and highway robbery.
LJ023-0057|because the Articles of Confederation under which the original thirteen States tried to operate after the Revolution
LJ025-0139|converge toward the conclusion that the nerve fibers, which have been regarded as ultimate elements of nervous tissue,
LJ034-0039|In Latona's opinion, quote,
LJ022-0173|for the regulation of transportation by water, for the strengthening of our Merchant Marine and Air Transport,
LJ050-0110|and each agency given clear understanding of the assistance which the Secret Service expects.
LJ008-0011|This was partly due to the survival of the old notion that the scene of the crime ought also to witness the retribution;
LJ043-0084|business suit, alert replies -- Expresses self extremely well, end quote.
LJ027-0180|The general similarity of the three series is complete.
LJ047-0130|advised the Bureau that Oswald was unknown in such circles.
LJ041-0136|was shooting at Connally rather than President Kennedy, end quote.
LJ009-0199|About this time I find that the bodies of two murderers, Clench and Mackay,
LJ017-0040|The trial of Catherine Winsor, the baby farmer,
LJ008-0144|in eighteen oh seven, an event long remembered from the fatal and disastrous consequences which followed it.
LJ028-0390|I was informed by a certain Elamite brother, who came from those regions, and now leads the life of a monk at Jerusalem,
LJ022-0074|It is a problem quite as much for private industry as for the government.
LJ002-0141|and indeed supplied the bulk of the poor debtors committed to prison.
LJ001-0020|"the ""lower-case"" being in fact invented in the early Middle Ages."
LJ036-0134|"I asked him where he wanted to go. And he said, ""five hundred North Beckley. Well, I started up,"
LJ050-0251|the amount of assistance that it can expect from other agencies.
LJ042-0111|Jeanne De Mohrenschildt, another member of that group,
LJ038-0006|police sirens sounded along Jefferson Boulevard.
LJ028-0333|he put them also to the sword.
LJ042-0053|"Responding to Robert's statement that he had not ""renounced"" him,"
LJ008-0285|on the one hand the gallows, on the other a short imprisonment.
LJ038-0207|When he came back I asked him what had happened. He was very pale.
LJ003-0307|but as yet no suggestion was made to provide prison uniform.
LJ008-0091|The highwayman, whose exploits many in the crowd admired or emulated, was cheered and bidden to die game;
LJ015-0121|Newgate officers who remember Robson still describe him as a fine young man, who behaved well as a prisoner,
LJ026-0137|"and be laid down as ""reserve starch"" in the cells of root or stem or elsewhere."
LJ008-0105|Mr. Smith's account of the condemned convict, whose cell he was permitted to enter, may be inserted here.
LJ047-0081|On June twenty-four, Oswald applied in New Orleans for a passport, stating that he planned to depart by ship
LJ013-0005|One of the earliest of the big operators in fraudulent finance was Edward Beaumont Smith,
LJ048-0060|required further attention.
LJ013-0125|the Junior United Service, the Union, Reform, Colonial, and Erechtheum clubs.
LJ002-0041|Two other wards were appropriated to the master's side debtors; they were each twenty-three feet by fourteen and a half,
LJ014-0098|The house was empty, bare and stripped of all its furniture, and its former occupants had decamped.
LJ016-0026|managed to get away in the very same spot where his namesake had nine years before so miserably failed.
LJ017-0017|It is quite possible that Catherine Blandy, who poisoned her father at the instigation of her lover,
LJ002-0161|"These surely, I thought,"" says Mr. Neild, ""were bad enough! But it was not so. End quote."
LJ015-0194|and behaved so as to justify a belief that he had been a jail-bird all his life.
LJ046-0162|The case file served merely as a repository for information until enough had accumulated to warrant an investigation.
LJ035-0109|but in his testimony Piper did not mention either seeing or talking with Dougherty during these moments of excitement.
LJ023-0003|Last Thursday I described in detail certain economic problems which everyone admits now face the nation.
LJ042-0080|My request for the revoking of my American citizenship
LJ045-0015|which Johnson said he did not receive until after the assassination. The letter said in part, quote,
LJ028-0215|Marduk, the great lord, looking with joy on his pious works and upright heart,
LJ010-0142|Be this as it may, the weapon used was only an ordinary axe, which rather indicates that force, not skill, was employed.
LJ032-0121|He applied fingerprint powder to the side of the metal housing near the trigger, and noticed traces of two prints.
LJ044-0065|In another letter to V. T. Lee, dated August seventeen, nineteen sixty-three,
LJ039-0158|were capable of firing the shots which were fired by the assassin on November twenty-two, nineteen sixty-three.
LJ049-0172|questions inevitably arise as to the scope of each agency's authority and responsibility.
LJ004-0025|and two other acts more peremptory and precise followed on the same subject in succeeding years.
LJ030-0051|The President's automobile was specially designed nineteen sixty-one Lincoln convertible
LJ035-0196|The address listed was for the Paine home in Irving.
LJ007-0241|and again and again to protest against Newgate as it at present exists.
LJ036-0061|A Beckley bus which also served the Oak Cliff area,
LJ028-0501|Nor were the walls about the palace a great mass of dull brick masonry.
LJ019-0113|The scheme was no doubt fascinating, and in many respects feasible;
LJ004-0012|was in several places merely temporary:
LJ003-0129|a taste for spirits. End quote.
LJ025-0030|As the animal body required to be independent of heat and of the atmosphere,
LJ046-0212|Threats against the President of the U.S.,
LJ028-0242|entered the stream, which had now sunk so as to reach about midway up a man's thigh, and thus got into the town.
LJ035-0169|testified that immediately after the shots he went to the rear of the building to check the fire escape.
LJ007-0174|should be for a number of years in undisturbed operation, not only in contempt of religion and humanity,
LJ047-0082|for an extended tour of Western European countries, the Soviet Union, Finland, and Poland.
LJ004-0008|Mr. Neild, a second Howard,
LJ008-0192|As early as six a.m. the number assembled already exceeded that seen on ordinary occasions;
LJ038-0005|from where several witnesses last saw Oswald running west on Jefferson Boulevard. Shortly after the Tippit murder,
LJ020-0019|If you intend to bake in the forenoon, make the sponge at bedtime. If in the afternoon, early in the morning.
LJ018-0125|Burnett had only just come out of jail after completing a sentence of penal servitude.
LJ003-0268|This delectable society enticed into their set a clerk who had been imprisoned for fraud,
LJ013-0224|The attempt was to have been made by opening a vein and allowing himself to bleed to death.
LJ020-0070|Bit of soda as large as a pea, dissolved in hot water.
LJ044-0132|He had not liked his job as a greaser of coffee processing machinery and he held it for only a little over two months.
LJ012-0249|returned a verdict of willful murder against some person unknown.
LJ005-0037|It sought to obtain and diffuse useful information
LJ027-0042|"All such cases of resemblance in function but not in detailed plan of structure are called ""analogies,"""
LJ016-0286|Oh, my! Think I've got to die.
LJ027-0165|Now, the lower forms of amphibians, such as siredon, menobranchus, siren, etc.,
LJ039-0162|In an effort to test the rifle under conditions which simulated those which prevailed during the assassination,
LJ038-0074|and pick up a man named Lee Oswald. When Hill asked why Oswald was wanted,
LJ006-0193|Idle hands and unoccupied brains found in mischief the only means of whiling away the long hours of incarceration.
LJ026-0102|but root pressure due to osmosis, capillary action and evaporation from the leaves are factors.
LJ028-0322|Thus did Zopyrus speak.
LJ013-0102|and thence to Halifax, whither he followed them, accompanied by a confidential clerk from the bank.
LJ008-0104|Here's the identical rope at sixpence an inch.
LJ028-0183|Cyrus, the King of Persia, was rising to power, and after he had defeated the Medes
LJ049-0036|and by the passengers in the jump seats.
LJ022-0140|I can mention only a few of them tonight, but I do not want my mention of specific measures
LJ030-0129|and headed toward the Texas School Book Depository Building.
LJ008-0159|Very soon women began to scream with terror;
LJ044-0043|he stated that he was then alone in his efforts on behalf of FPCC, but he attributed his lack of support
LJ034-0018|Next to these cartons was the handmade paper bag, previously discussed,
LJ009-0038|In the center of the chapel was the condemned pew, a large dock-like erection painted black.
LJ031-0181|onto the rear of the Presidential plane where seats had been removed to make room.
LJ030-0171|and the thought immediately crossed his mind that it was an assassination attempt.
LJ016-0058|he worked along to the roofs in Warwick Lane.
LJ013-0254|and evidence was given of close relation between Good and a third woman, a girl named Butcher, residing at Woolwich.
LJ038-0184|This is the key to the mailbox which is located in the main post office in the city on Ervay Street.
LJ033-0012|The Curtain Rod Story
LJ048-0138|The wholehearted support of these local authorities was indispensable to the Service in carrying out its duties.
LJ045-0024|to shoot General Walker.
LJ007-0233|it consists of several circular perforations, about two inches in diameter,
LJ049-0224|and services related to the security of the President.
LJ028-0400|The walls of Babylon were transformed into the sacred cities of Kerbela and Nejef.
LJ024-0071|I propose that hereafter, when a judge reaches the age of seventy,
LJ026-0159|and hence the excess oxygen is eliminated while starch manufacture is in process.
LJ035-0043|Yet he must have entered the vestibule door before Truly reached the top of the stairwell, since Truly did not see him.
LJ008-0314|The form of imparting the intelligence was generally the same.
LJ008-0170|the man, needing all his care for his own life, threw the child from him,
LJ008-0114|His hands were clasped, and he was truly penitent.
LJ021-0102|If the codes which have been written have been too complicated,
LJ039-0224|show that he possessed ample capability to commit the assassination.
LJ017-0228|till every feature was obliterated, and then, still living, flung him into the sea.
LJ035-0051|He saw a man walking away from him in the lunchroom.
LJ044-0199|In retrospect his attempt to go to Cuba or return to the Soviet Union may well have been Oswald's last escape hatch,
LJ032-0196|This adds to the conviction of the Commission that Oswald owned and handled the weapon used in the assassination.
LJ021-0178|Has England gone back to the gold standard today?
LJ017-0283|This was Duranno; but the sight of the heaving mass of uplifted, impassioned faces
LJ033-0112|measured thirty-four point eight inches.
LJ029-0138|The Elm Street approach to the Stemmons Freeway is necessary
LJ024-0073|In this way I propose to enforce a sound public policy by law
LJ019-0246|"It animadverted strongly on ""the many and wide differences as regards construction, labor, diet, and general discipline"""
LJ037-0192|Seaport Traders, Incorporated, received through the mail a mail-order coupon for one, quote, point three-eight
LJ011-0217|Mr. Justice Bayley, in summing up,
LJ018-0330|Violent passions too easily aroused prompted the Frenchwoman Marguerite Dixblanc
LJ023-0054|I hope that you have re-read the Constitution of the United States in these past few weeks.
LJ013-0240|Good was followed to his stables by a policeman, but obstinately denied the theft.
LJ028-0160|The houses are mostly three and four stories high;
LJ037-0189|the only revolver made by Smith and Wesson with this serial number. When first manufactured, it had a five-inch barrel.
LJ010-0088|and that when it was opened the whole band should rush in.
LJ019-0087|or make signs; or the chances of recognizing or being recognized were reduced to a minimum by the use of a mask.
LJ015-0199|The improved methods of locomotion had put a stop to these depredations. People traveled in company, as a rule;
LJ028-0421|it was the beginning of the great collections of Babylonian antiquities in the museums of the Western world.
LJ022-0016|Before that time individual self- interest and group selfishness were paramount in public thinking.
LJ008-0038|After hanging the usual time they were taken down, and the machine cleared away in half-an-hour.
LJ016-0341|The sufferer was stolid and reticent to the last.
LJ019-0380|In one part the most praiseworthy activity prevailed,
LJ019-0292|Prisoners still slept two in a bed.
LJ024-0068|and one over seventy.
LJ020-0103|are better than mere personal strength in the accomplishment of such tasks as fall to women to perform.
LJ017-0061|that he steadily refused to confess his guilt, lest it should militate against his chances.
LJ003-0032|So valuable were they deemed, that as much as fifty guineas was offered to the keeper for the post.
LJ012-0085|The chest was opened to give change, and a heavy tray lifted out which plainly held some four thousand pounds in cash.
LJ013-0142|Part of the freight were four hundred rough diamonds valued at four thousand pounds.
LJ004-0111|one. Prisoners convicted of felony. two. Prisoners committed on a charge or suspicion of felony.
LJ037-0196|A. J. Hidell, aged twenty-eight, end quote. The date of the order was January twenty-seven. No year shown.
LJ028-0222|My many troops marched peacefully into Babylon.
LJ046-0238|it contained the names of no persons from the entire Dallas-Fort Worth area,
LJ050-0041|This was the consequence of the Service's lack of an adequate investigative staff,
LJ019-0007|By other acts local authorities were empowered to construct new jails or hire accommodation in the district;
LJ039-0201|fired two series of three shots at twenty-five yards in four point six and four point eight seconds.
LJ015-0289|As each transaction was carried out from a different address, and a different messenger always employed,
LJ040-0025|His life was characterized by isolation, frustration, and failure.
LJ005-0121|By degrees, however,
LJ021-0087|We have the right to expect that this driving power will be given patriotically and whole-heartedly to our nation.
LJ048-0012|According to Belmont, when Oswald returned from the Soviet Union, quote,
LJ007-0242|No complete and permanent improvement was indeed possible while Newgate remained unchanged.
LJ004-0045|Mr. Sturges Bourne, Sir James Mackintosh, Sir James Scarlett, and William Wilberforce.
LJ043-0021|While the exact sequence of events is not clear because of conflicting testimony,
LJ017-0159|and a life-interest in five thousand pounds, a fact on which Smethurst's counsel dwelt with much weight,
LJ019-0333|were elected to inspect the prisons frequently, to examine the prisoners, hear complaints, and check abuses.
LJ047-0087|According to the Bureau, quote,
LJ038-0076|Hill said, quote, Captain, we will save you a trip. There he sits, end quote.
LJ005-0297|They therefore recommended that the prisoners should be removed
LJ016-0320|But these, it was thought, might be provided by the admission of the press and the holding of a coroner's inquest.
LJ040-0108|which became more significant as the children grew older.
LJ004-0213|Compared with those highly meritorious institutions Newgate still showed but badly.
LJ004-0116|"""Care also was to be taken that the prisoners shall not be kept in any apartment underground."""
LJ018-0221|but upon this forged and false conveyance William Roupell, who had already embarked upon a career of wild extravagance,
LJ022-0177|is one of the most hopeful results of our efforts as a Nation to reestablish public confidence in private banking.
LJ018-0018|he wore gold-rimmed eye-glasses and a gold watch and chain.
LJ008-0213|By this time the workmen might be heard busily erecting the gallows;
LJ009-0113|whistles merrily, and points upwards with madness in his look.
LJ014-0240|without capital, and at railroad speed.
LJ030-0097|Remainder of motorcade.
LJ013-0225|The Sunday night before his execution he would not go to bed when ordered.
LJ028-0488|They may best be described by means of the accompanying diagram representing a cross section.
LJ009-0096|The poor sheep-stealer is in a frenzy.
LJ015-0084|till the defalcations from fraudulent transfers and fraudulent issues combined amounted to twenty-seven thousand pounds.
LJ001-0165|One fruitful source of badness in paper
LJ031-0147|Secret Service Emergency Security Arrangements
LJ010-0047|while in eighteen fifty Her Majesty was the victim of another outrage at the hands of one Pate.
LJ039-0216|It should be noted, however, that the President's car was curving slightly to the right when the third shot was fired.
LJ046-0008|on Theodore Roosevelt while campaigning in October of nineteen twelve; on President-elect Franklin Delano Roosevelt,
LJ002-0125|Neild also says that in seventeen ninety-three,
LJ011-0150|Miss Turner was a school-girl of barely fifteen,
LJ010-0017|eluding the keenest vigilance, and carried out with reckless daring;
LJ038-0099|From the outset, Oswald denied owning a rifle.
LJ006-0266|On these occasions precautions were supposed to be taken to exclude bad characters,
LJ046-0092|has confidence in the dedicated Secret Service men who are ready to lay down their lives for him
LJ046-0169|If the field office determines that the case should be subject to continuing review, PRS establishes a file
LJ026-0029|so in the case under discussion.
LJ050-0089|While these tentative criteria are a step in the right direction,
LJ048-0128|which was Sorrels' first important assignment in connection with Presidential work.
LJ037-0128|were on the lot at the time, and they saw a white male with a revolver in his hands running south on Patton.
LJ045-0031|During the week, Oswald lived in a roominghouse in Dallas, but he usually called his wife on the telephone twice a day.
LJ013-0127|Suspicion fell at length upon Ashley, who was seen to handle the forks and spoons at table in a strange manner.
LJ043-0018|He was offensive with the people. And I can understand why, because that hurt him.
LJ015-0110|After dinner he went into hiding for a day or two,
LJ003-0138|Though they could not force him to gamble, he was compelled to drink,
LJ022-0160|has lost touch with, and has lost the sympathy of, the communities it pretends to serve.
LJ013-0044|and tempted him to take to fraudulent insurance as a certain method of achieving fortune.
LJ044-0198|as he experienced successive failures in his jobs, in his political activity, and in his personal relationships.
LJ032-0018|Purchase of Rifle by Oswald
LJ008-0308|The Recorder's report generally reached Newgate late at night.
LJ008-0231|Hush! the unceasing murmur of the mob now breaks into a loud deep roar,
LJ010-0305|Its embarrassments were greatly increased by the bankruptcy of two of its clients in the building trade,
LJ012-0131|The letter informed him of the marks and sizes of the cases containing the precious metal,
LJ009-0301|who deserted, and was pursued, but without success.
LJ037-0267|to the exclusion of all other weapons,
LJ033-0147|Oswald's fingerprint and palmprint found on bag.
LJ045-0017|This meeting preceded by one day the attack on A. E. Stevenson at the United Nations Day meeting at which he spoke
LJ031-0176|A casket was obtained and the President's body was prepared for removal.
LJ044-0012|he had printed a handbill headed in large letters, quote,
LJ039-0153|that the assassin in all probability hit two out of the three shots during the maximum time span of
LJ049-0184|to conduct the wider investigative work that is required today for the security of the President.
LJ023-0076|It is but a decent respect due to the wisdom, the integrity and the patriotism of the legislative body,
LJ009-0063|The sheriffs shudder, their inquisitive friends crane forward, the keeper frowns on the excited congregation,
LJ015-0182|and thoroughly embodying the idea of English respectability.
LJ028-0053|The next year, in six oh five, Nabopolassar died, and Nebuchadnezzar succeeded him to the throne.
LJ021-0142|Accordingly, I propose to confer within the coming month
LJ028-0411|dressing the same, eating the same food as did their ancestors when Nebuchadnezzar built the walls of Babylon.
LJ003-0211|They were never left quite alone for fear of suicide, and for the same reason they were searched for weapons or poisons.
LJ030-0020|if anybody really wanted to shoot the President of the United States, it was not a very difficult job
LJ030-0003|Visits to Other Texas Cities
LJ025-0003|The facts dealing with the physiology of organisms, the activities associated with that which we call life
LJ045-0195|onto the Stemmons Freeway.
LJ035-0149|She ran inside and up the front stairs into the large open office reserved for clerical employees.
LJ010-0066|which under Thistlewood as dictator was to rule the nation, by first handing over its capital to fire and pillage.
LJ026-0123|which could be derived by the ordinary chemical evolution of protoplasm, proteid, sugar, starch or fats.
LJ002-0077|from twenty-one by eighteen feet to fifteen feet square, which were furnished with bedsteads and bedding.
LJ037-0097|Smith subsequently told a Commission staff member
LJ022-0062|It proposes, by means of old age pensions,
LJ017-0019|Captain Donellan, who was convicted of poisoning his brother-in-law, Sir Theodosius Broughton, and executed for it,
LJ021-0065|but also to the owners and managers of industry because,
LJ022-0200|renewed faith in the vast possibilities of human beings to improve their material and spiritual status
LJ035-0124|Neither Jarman, Norman, Williams, or Dougherty saw Oswald.
LJ004-0192|The prison stood on a dry, airy situation outside the town.
LJ004-0054|In order to give greater value to the pamphlet,
LJ001-0167|a device which deceives nobody, and makes a book very unpleasant to read.
LJ015-0032|and on the other by backing up
LJ014-0183|meaning to kill him and rifle the shop.
LJ033-0027|Mrs. Linnie Mae Randle, Frazier's sister, commented to her brother about Oswald's unusual midweek return to Irving.
LJ047-0077|Oswald was tentatively located in New Orleans in June,
LJ004-0148|No prison dress was allowed, and half the inmates were without shirts or shoes or stockings.
LJ004-0119|which had continued through that long period, are forcibly pointed out.
LJ036-0113|Actually Oswald was under Number three.
LJ043-0111|After securing this job and an apartment, Oswald asked his wife to join him.
LJ034-0054|In addition, Mandella was of the opinion that the print taken from the carton on the floor
LJ026-0051|These comparisons will, however, be translated into terms applicable to any species of higher plants or animals.
LJ019-0228|it also contained eleven reception cells, six punishment cells, and a couple of cells for condemned criminals.
LJ041-0018|but he was not sure then that Oswald meant to carry out the plan, and in fact they never did.
LJ008-0002|I propose to return now to the subject of Newgate executions,
LJ049-0198|in all its ramifications and alert to every danger that might befall it,
LJ014-0131|but Mrs. Manning, speaking in a foreign accent, addressed the court with great fluency and vehemence.
LJ037-0163|Cunningham testified that all of the bullets were mutilated, one being useless for comparison purposes.
LJ014-0221|On the contrary, many of them encouraged the brutal assailant in his savage attack.
LJ024-0132|I am in favor of action through legislation:
LJ046-0021|the Secretary of the Treasury has prepared a planning document dated August twenty-seven, nineteen sixty-four,
LJ033-0005|was brought into the Depository Building, where it was found on the sixth floor shortly after the assassination.
LJ030-0159|Since the camera operates at a speed of eighteen point three frames per second,
LJ038-0035|Oswald rose from his seat, bringing up both hands.
LJ031-0042|made no voluntary movements; had his eyes open with the pupils dilated without any reaction to light,
LJ039-0052|the Commission concluded that the incident, as described by Marina Oswald,
LJ030-0150|The Dallas police radio log reflects that Chief of Police Curry reported the shooting of the President
LJ044-0222|Oswald was asked during the New Orleans radio debate in which he engaged on August twenty-one, nineteen sixty-three,
LJ042-0152|"While in the Soviet Union he wrote his longest and clearest piece of work, ""The Collective."""
LJ015-0273|But Saward's operations were mainly directed to the fabrication and uttering of forged cheques.
LJ037-0246|The blue jacket was found in the Texas School Book Depository and was identified by Marina Oswald as her husband's.
LJ036-0169|he would have reached his destination at approximately twelve:fifty-four p.m.
LJ007-0095|Prisoners indeed were known to boast that they had saved their necks by feigning insanity.
LJ022-0077|In directing it, I shall recognize six fundamental principles:
LJ028-0013|The Damascus mosques and their minarets sink beneath the western sky.
LJ013-0202|Coolness amounting almost to effrontery gave way to hopeless dejection.
LJ034-0147|Brennan stated that he was sure that the person firing the rifle was Oswald.
LJ040-0080|That situation, however, was short-lived,
LJ015-0089|in receiving guests at home, or could be spared from two rival establishments in other parts of the town.
LJ043-0156|After he brought the rifle home, then, he showed you the book?
LJ035-0164|three minutes after the shooting.
LJ018-0243|the hardship to the holders of these lands being plain, should the allegations of invalidity be made good.
LJ010-0171|On that day Oxford was on the watch at Buckingham Palace.
LJ048-0113|The Commission believes, however,
LJ018-0328|Few of the Newgate notorieties of late years show any marked peculiarities;
LJ018-0379|Resolute, determined-looking men, their courage broke down in confinement.
LJ015-0078|who preferred to risk his future reputation and liberty to the present discomfort of living upon narrow means.
LJ004-0088|As a remedy, justices of the peace were empowered to provide materials for the setting of poor prisoners to work,
LJ019-0220|the uses of Newgate were narrowed almost entirely to those of a prison of detention.
LJ013-0084|Burgess fraudulently transferred consols to the above amount, standing in the name of Mr. Oxenford, to another party.
LJ040-0147|so that he was not bothered and did not have to make the effort of communicating.
LJ035-0070|Truly stood in front of the building.
LJ034-0211|who was standing on the south side of Elm Street between the Triple Underpass and the Depository Building.
LJ014-0134|that O'Connor had been more to her than her husband, that she ought to have married him.
LJ038-0138|When asked about the curtain rod story, Oswald lied again.
LJ045-0199|Whether he thought about assassinating the President over the weekend can never be known, but it is reasonably certain
LJ023-0031|It was almost too late.
LJ021-0086|strengthened with the acceptance of those obligations to the public interest which rest upon us all.
LJ032-0009|(two) the means by which the weapon was brought into the Depository Building,
LJ007-0112|Many of the old customs once prevalent in the State Side, so properly condemned and abolished,
LJ028-0131|to describe whose vast height and immense riches it would perhaps be too much for me to attempt.
LJ014-0102|The stones were at once taken up;
LJ032-0037|The canceled money order was obtained from the Post Office Department.
LJ018-0316|Further sums were to have been paid after the escape;
LJ022-0165|both in its public relations and in its internal relations.
LJ015-0142|He soon proved his ability, and by unremitting attention mastered the whole work of the office.
LJ016-0301|amid hisses and sneering inquiries of what he had had to drink that morning.
LJ038-0228|and into downtown Dallas through the Triple Underpass.
LJ029-0071|An important purpose of the President's visit to Dallas was to speak at a luncheon given by business and civic leaders.
LJ025-0110|and subject to exceptions.
LJ031-0119|The fracture was set, and a cast was applied with some traction utilized.
LJ008-0047|This movable platform is raised six inches higher than the rest of the scaffold, and on it the convicts stand;
LJ028-0245|and mounting upon the walls along both sides of the stream, would so have caught the enemy as it were in a trap.
LJ004-0221|The food was properly prepared in the prison kitchen.
LJ006-0293|and the men could also at any time go for tea, coffee, and sugar to Mrs. Brown's shop, which was inside the female gate.
LJ010-0087|and it was arranged that one of their number should knock at Lord Harrowby's door on the pretense of leaving a parcel,
LJ016-0416|Many, like Wainwright, were calm and imperturbable throughout their trying ordeal.
LJ050-0070|The FBI now transmits information on all defectors, a category which would, of course, have included Oswald.
LJ035-0182|Harkness did not know whether or not two officers with Sawyer were guarding the doors.
LJ014-0168|denoting that they came from a concourse of boys and girls already assembled in the best places, made my blood run cold.
LJ020-0072|Yolk of one egg beaten light.
LJ014-0036|Hocker and the brother went to the spot, where the latter left him to meet his sister's seducer alone.
LJ029-0201|Meanwhile, on November seventeen
LJ046-0049|More often than not, Presidential journeys have served more than one purpose at the same time: ceremonial,
LJ006-0217|There were more varied, and at times, especially when beer had circulated freely, more uproarious diversions.
LJ018-0200|He went there with a posse of officers and forced his way upstairs to the first floor,
LJ006-0142|"The matron deposed to having seen the gates-woman ""exceedingly drunk,"" and having been insulted by her."
LJ015-0217|The next step was to get impressions and fabricate false keys.
LJ025-0149|that, while locomotive, their movements may have as much appearance of spontaneity as those of the lowest animals,
LJ036-0011|(three) evidence establishing the ownership of the murder weapon,
LJ010-0046|was followed in the very next year by those of Francis and of Bean in two consecutive months,
LJ008-0132|Over the handkerchief around his brows he placed a white cap, the new hat being on top of all.
LJ022-0043|I shall not confuse my discussion by a multitude of figures. So many figures are quoted to prove so many things.
LJ038-0155|The next day, Oswald added to his story.
LJ019-0381|in another there was half-heartedness, even apathy and an almost complete contempt for the provisions of the act.
LJ043-0010|Some of the members of that group saw a good deal of the Oswalds through the fall of nineteen sixty-three,
LJ022-0125|every profession has its black sheep, but long experience in government has taught me
LJ027-0023|that the only reasonable explanation for the existence of a fundamental unity in organic life
LJ034-0109|one-sixty to one-seventy pounds.
LJ039-0200|and one of these agents, Robert A. Frazier,
LJ002-0069|to the various wards their friends occupied.
LJ017-0074|whose life he had insured for thirteen thousand pounds.
LJ013-0239|At the same time he was seen to steal and secrete a pair of trousers. The shop-boy gave information.
LJ009-0297|There is still extant a curious petition presented to the Treasury by Ralph Griffith, Esq., high sheriff of Flintshire,
LJ018-0277|The last great case of fraud upon the Bank of England will fitly close this branch of the criminal records of Newgate.
LJ031-0170|During the drive Vice President Johnson, at Youngblood's instruction, kept below window level.
LJ035-0030|Truly pushed the button for the west elevator which operates automatically if the gate is closed.
LJ012-0216|Williams, and May had been concerned in the transaction.
LJ002-0143|The commissioners who presided were, quote, little otherwise than self-elected
LJ007-0197|The infirmary was enlarged, the admission of visitors limited, and the passing of articles prevented by a wire screen.
LJ034-0196|Another person who saw the assassin as the shots were fired was Amos L. Euins, age fifteen,
LJ014-0093|and during that time he must frequently have stood or sat over his own grave.
LJ008-0086|A great concourse of people attended on this melancholy occasion.
LJ008-0134|Thus appareled he ascended the stairs at the debtors' door,
LJ007-0221|The reports as the years flow on reiterate the same complaints.
LJ040-0009|None of these possibilities satisfactorily explains Oswald's act if it is judged by the standards of reasonable men.
LJ050-0184|has hitherto been handled on an informal basis.
LJ042-0023|and that he went there, quote, only to find freedom. I could never have been personally happy in the U.S., end quote.
LJ050-0200|The Secret Service should utilize the personnel of other Federal law enforcement offices
LJ035-0119|until after they saw Patrolman Baker's white helmet on the fifth floor moving toward the elevator.
LJ013-0185|Three days later a close search of the butler's pantry produced fresh circumstantial evidence.
LJ045-0244|Long before the assassination he expressed his hatred for American society and acted in protest against it.
LJ048-0160|either by police or by custodians of the buildings, since it was not the usual practice of the Secret Service to do so.
LJ017-0116|and even sought to upset the vehicle by which they were being conveyed a part of the way to London.
LJ036-0035|The man was on the bus approximately four minutes.
LJ026-0118|Fat and carbohydrate foods, then, never become living matter.
LJ033-0038|the Commission gave weight to the fact that Oswald gave a false reason for returning home on November twenty-one,
LJ009-0162|Nevertheless, after that date no person whatever was executed for this offense.
LJ021-0088|We have passed through the formative period of code making in the National Recovery Administration
LJ027-0099|Another striking class of the facts of morphology which admit of scientific explanation only along the line of homology
LJ037-0206|The balance due on the purchase was nineteen dollars, ninety-five cents.
LJ016-0140|No report of it was made public, as the man was almost immediately recaptured.
LJ023-0100|"that the majority were actually reading into the Constitution their own ""personal economic predilections,"" and that"
LJ022-0039|I speak, therefore, tonight, to and of the American people as a whole.
LJ002-0333|a severe winter set in, the new stock had not been supplied by the contractors, and the poor debtors perished of cold.
LJ003-0267|kept open house, so to speak, and entertained daily within the walls a select party of the most noted thieves in London.
LJ006-0133|The turnkeys complained bitterly that these old prisoners had more power than they themselves.
LJ016-0093|They asked him how he had cut his hand, which was bleeding, and he said he had done it while working up on the roof.
LJ045-0011|by some rightwing groups centered in Dallas or any other general atmosphere of hate
LJ003-0252|of distinguishing a prisoner from a stranger and temporary visitor.
LJ010-0049|Their perpetrators were charged with high treason, but met with merciful clemency as irresponsible beings.
LJ027-0054|Since backboned animals are best known to most readers, they may be taken as an illustration.
LJ007-0228|In their tenth report
LJ018-0079|The unfortunate man survived till he landed, but died in Guy's Hospital.
LJ030-0148|Seconds after the shooting, Roy Kellerman, riding in the front seat of the Presidential limousine,
LJ009-0085|'Now for you, my poor fellow mortals, who are about to suffer the last penalty of the law.'
LJ032-0261|When he appeared before the Commission, Michael Paine lifted the blanket
LJ017-0258|Their trial followed at the Central Criminal Court.
LJ020-0104|Master these, and do not let them master you.
LJ007-0085|"at Newgate and York Castle as long as five years; ""at Ilchester and Morpeth for seven years; at Warwick for eight years,"
LJ012-0161|he was reported to have fallen away to a shadow.
LJ028-0194|"But how did the ""mighty city"" fall? How could Cyrus take Babylon whose walls were strong enough to resist any army?"
LJ033-0046|went out to the garage to paint some children's blocks, and worked in the garage for half an hour or so.
LJ036-0020|"The transfer was dated ""Friday November twenty-two, 'sixty-three"" and was punched in two places by the bus driver."
LJ016-0167|Probably dissolution came as easily and almost without pain.
LJ036-0187|Mrs. Roberts saw him a few seconds later standing near the bus stop in front of the house on the east side of Beckley.
LJ043-0144|and the March eleven, nineteen sixty-three, issue of the Militant.
LJ015-0124|but it was based upon more extended and audacious forgeries.
LJ017-0020|would probably have had the benefit in these days of the doubts raised at his trial.
LJ003-0295|The committee seems to have fully realized, even at this early date (eighteen fifteen),
LJ031-0040|Approximately two minutes later, Dr. Carrico saw the President on his back, being wheeled into the emergency area.
LJ019-0198|and on a more mature consideration he realized that the limited area of the existing Newgate site,
LJ023-0050|overlook the simple fact that the President, as Chief Executive, is himself one of the three horses.
LJ029-0021|The three agreed that the President would come to Texas in late November nineteen sixty-three.
LJ019-0315|also their constant employment in labor appropriate to their condition.
LJ003-0326|so that the various classes might be seated separately, and so as not to see each other.
LJ009-0058|Great efforts have been made to save his life.
LJ028-0001|The Seven Wonders of the Ancient World. By Edgar J. Banks. Chapter two. The Walls of Babylon.
LJ015-0176|He was arrested, examined before a police magistrate, and committed to Newgate.
LJ008-0058|From this bar hang several iron loops, in which the halters are tied.
LJ014-0035|in a lonely part of Hampstead.
LJ010-0095|Meanwhile the main body remained at their headquarters, a ruined stable in Cato Street,
LJ008-0080|She was immediately tied by the neck to an iron bolt fixed near the top of the stake,
LJ028-0472|Its outer part, about twelve feet in width, was protected with towers at intervals of sixty-five feet.
LJ044-0128|there are a number of organizations, including possibly Fair Play, which are of a very broad character,
LJ001-0163|e.g. the cheap paper should not sacrifice toughness and durability to a smooth and white surface,
LJ004-0031|But the effect of this legislation was rather weakened by the remoteness of the pressure exercised.
LJ041-0022|Oswald first wrote, quote, Edward Vogel, end quote, an obvious misspelling of Voebel's name,
LJ010-0159|He was eventually sentenced to death, but the plea of lunacy was allowed, and he was confined for life.
LJ034-0003|Oswald at Window
LJ001-0019|"and which developed more completely and satisfactorily on the side of the ""lower-case"" than the capital letters;"
LJ030-0103|Police car and motorcycles.
LJ038-0212|which appeared to be the work of a man expecting to be killed, or imprisoned, or to disappear.
LJ042-0214|to the bitter destruction of all and everything. I am quite sure these people must hate not only the government
LJ016-0350|and who expiated his crime on the eighth September, eighteen sixty-eight.
LJ034-0218|The Commission has determined that the employee was in fact Billy Lovelady, who identified himself in the picture.
LJ045-0149|She said, quote,
LJ041-0035|and then came out with a statement that he was looking for a Communist cell in town to join but he couldn't find any.
LJ005-0038|to suggest beneficial regulations, and circulate tracts demonstrating the advantages of classification,
LJ034-0045|Since cartons absorb perspiration, powder can successfully develop a print on such material only within a limited time.
LJ020-0063|They are even better when cold than hot.
LJ009-0210|On the left side of the head the fatal mall,
LJ050-0181|The Commission regards this as a most useful innovation and urges that the practice be continued.
LJ014-0001|The Chronicles of Newgate, Volume two. By Arthur Griffiths. Section seventeen: Newgate notorieties continued, part two.
LJ034-0180|The man was dressed in a light-colored, open-neck shirt which could have been either a sports shirt or a T-shirt,
LJ024-0135|liberal-minded judiciary necessary to furnish quicker and cheaper justice from bottom to top.
LJ008-0004|The reasons for this change were fully set forth in a previous chapter.
LJ034-0029|"The ""Rolling Readers"" boxes contained, instead of books, light blocks used as reading aids."
LJ046-0251|to the other agencies. No specific guidance was provided.
LJ015-0179|The Central Criminal Court, when the trial came on,
LJ047-0151|On the same day Hosty interviewed neighbors on Fifth Street and learned that the address was that of Mrs. Ruth Paine.
LJ002-0067|but really kept for the few who had funds sufficient to gain them admission to these more comfortable quarters.
LJ017-0075|There is every reason to suppose that he poisoned his wife to obtain possession of this sum upon her death.
LJ002-0306|looked forward to his liberty, he was still delayed until he had paid a new debt arising, quote,
LJ050-0243|The Commission endorses these efforts to supplement the Service's own personnel by obtaining, for short periods of time,
LJ049-0034|could have reached the President in time to protect him from the second and fatal shot to hit the President.
LJ019-0001|The Chronicles of Newgate, Volume two. By Arthur Griffiths. Section twenty-two. Newgate Reformed.
LJ016-0245|Until the time of his death he kept a small shop close to the church in Horncastle.
LJ004-0010|with a few bright exceptions, still deplorable and disgraceful.
LJ026-0028|it is futile to argue about the exact period when, for instance, the egg becomes a tadpole or the tadpole a frog,
LJ046-0037|The nature of the protective assignment.
LJ041-0033|The association's then president, William E. Wulf, testified that he remembered an occasion when Oswald, quote,
LJ021-0030|Our first problem was, of course, the banking situation because, as you know, the banks had collapsed.
LJ016-0273|At Mller's execution there was great competition for front seats,
LJ015-0286|A confederate followed the emissary closely,
LJ019-0050|One school were strongly in favor of the continuous separation of prisoners,
LJ009-0028|Probably the reader will side with the aldermen against the ordinary.
LJ013-0120|whom he had shown over the plate closet.
LJ031-0047|He observed shredded brain tissue and, quote, considerable slow oozing, end quote, from the latter wound,
LJ049-0059|Agents are instructed that it is not their responsibility to investigate or evaluate a present danger,
LJ031-0218|The second head wound measured approximately five inches (thirteen centimeters) in its greatest diameter,
LJ016-0040|His first task was to gain the top of the cistern; this he effected by keeping his back to one side of the angle,
LJ048-0279|They work long, hard hours, under very great strain, and must travel frequently.
LJ044-0182|When faced with that situation Oswald became greatly agitated, and although he later unsuccessfully attempted
LJ050-0162|In planning its data processing techniques,
LJ028-0462|They were laid in bitumen.
LJ036-0160|He also stated he saw a silver identification bracelet on his passenger's left wrist.
LJ011-0045|The kindliness of the city authorities to Fauntleroy was not limited to the assignment of a separate place of durance.
LJ050-0193|Such instructions will not fit all circumstances, of course,
LJ050-0065|Alan H. Belmont, Assistant to the Director of the FBI, testified that this revision was initiated by the FBI itself.
LJ024-0005|has reached the age of seventy and does not avail himself of the opportunity to retire on a pension,
LJ006-0288|The separation of the sexes was not indeed rigidly carried out in Newgate as yet.
LJ021-0176|Did England let nature take her course? No.
LJ012-0255|These were the missing members of the same mutilated trunk,
LJ006-0150|and then only went round to count the number.
LJ050-0075|The Commission shares this concern.
LJ049-0171|With two Federal agencies operating in the same general field of preventive investigation,
LJ037-0197|and the return address was Post Office Box two nine one five, Dallas, Texas.
LJ011-0037|Appeals were made to the Home Secretary, and all possible political interest brought to bear, but without success.
LJ018-0363|She was found guilty.
LJ031-0191|Nine minutes later, the Presidential airplane departed for Washington, D.C.
LJ039-0169|In the first series the firers required time spans of four point six, six point seven five,
LJ038-0180|admissions and other statements made to Marina Oswald by Oswald concerning the shooting. Note left by Oswald.
LJ012-0235|While they were in a state of insensibility the murder was committed.
LJ049-0160|Since that time, the Secret Service has had and exercised responsibility for the physical protection of the President
LJ010-0259|a deformed lad among the crowd was seen to present a pistol at Her Majesty's carriage,
LJ015-0284|In order to obtain messengers of this sort, Saward answered advertisements of persons seeking employment,
LJ002-0184|the latter two being also a prison for felons and vagrants arrested within certain limits.
LJ035-0041|but through the window in the door he caught a fleeting glimpse of a man walking in the vestibule toward the lunchroom.
LJ014-0298|Strange to say, a second suicide occurred in Newgate the same night,
LJ046-0099|thoroughly professional personnel, using the best technical equipment that can be devised.
LJ028-0118|He built well the quays along the opposite shore of the Euphrates, but he did not finish all his work,
LJ034-0030|They could be easily adjusted and were still solid enough to serve as a gun rest.
LJ001-0129|the lateral compression of his letters renders necessary.
LJ028-0279|after which he commanded his servants to tell no one what had come to pass, while he himself pondered the matter.
LJ005-0238|I shall have more to say on this subject, and upon the state of Newgate generally, in the following chapter.
LJ036-0207|The suspect was described as a, quote,
LJ035-0028|to the northwest corner of the floor where Truly hoped to find one of the two freight elevators.
LJ037-0054|She identified Lee Harvey Oswald as the man who shot the policeman.
LJ035-0085|from the southeast corner of the sixth floor down the stairway to the lunchroom.
LJ039-0095|Zahm stated further, quote,
LJ002-0054|those who were the oldest offenders, sentenced to transportation, and who had narrowly escaped the penalty of death.
LJ018-0106|He was a German named Kerp,
LJ005-0250|The prisoners were crowded together in the jail, contrary to the requirements of the four George the fourth
LJ038-0193|However, I prefer that you hold on to my personal papers (military, civil, etc.).
LJ015-0157|During the days of his prosperity he was a governor of Christ's Hospital,
LJ040-0173|He always felt like a burden that she simply just had to tolerate, end quote.
LJ046-0224|The State Department advised the Secret Service of all crank and threat letter mail
LJ002-0249|and the prison, although wives and children resided within the walls, was not overcrowded.
LJ028-0211|He appointed Gobrias governor of Babylon.
LJ050-0036|is not consistent with the standards which the responsibilities of the Secret Service require it to meet.
LJ028-0143|It is surrounded, in the first place, by a broad and deep moat, full of water, behind which rises a wall
LJ040-0167|which grows as one speaks to him, end quote.
LJ042-0115|"The best description of Oswald's state of mind, however, is set forth in his own ""Historic Diary."""
LJ016-0362|and the great outside world shared in the completion of the sacrifice.
LJ031-0138|Special Agent Youngblood learned from Mrs. Johnson the location of her two daughters
LJ004-0202|A system not adopted generally till nearly half a century later had already prevailed at Ilchester.
LJ011-0003|sold out so large an amount of stock, that he paid sixteen thousand pounds a year in dividends to escape detection.
LJ040-0218|and as will be shown below, this failure to adapt to his environment was a dominant trait in his later life.
LJ010-0281|who had borne the Queen's commission, first as cornet, and then lieutenant, in the tenth Hussars.
LJ032-0273|(four) a photograph taken in the yard of Oswald's apartment showed him holding this rifle, and (five)
LJ007-0048|so subversive of meditation, so disturbing to the thoughts;
LJ035-0017|He heard two more shots spaced, quote, pretty well even to me.
LJ019-0341|The old custom, so fruitful of the worst evils, of keeping a tap inside the prison was made illegal.
LJ034-0136|When the three employees appeared before the Commission, Brennan identified the two whom he saw leave the building.
LJ028-0246|But, as it was, the Persians came upon them by surprise and so took the city.
LJ042-0074|Mr. Richard E. Snyder, then Second Secretary and senior consular official at the Embassy,
LJ014-0091|This cold-blooded indifference after the event was only outdone by the premeditation of this horrible murder.
LJ050-0105|that society and its leaders had combined to thwart him. It will require every available resource of our Government
LJ013-0212|"""You can have no good intentions; you must quit my service tomorrow morning."""
LJ026-0041|may flourish in solutions wholly devoid of organic matter is very significant.
LJ002-0171|The boy declared he saw no one, and accordingly passed through without paying the toll of a penny.
LJ030-0118|In the downtown area, large crowds of spectators gave the President a tremendous reception.
LJ017-0088|Quantities of antimony were found in the body after death.
LJ003-0108|Spirits were freely introduced, and although he at first abstained,
LJ008-0273|At the Old Bailey almost every one capitally convicted by a jury was sentenced to be hanged.
LJ048-0141|Fire Department, County Sheriff's Department, and the Texas Department of Public Safety.
LJ040-0013|Oswald's complete state of mind and character are now outside of the power of man to know.
LJ014-0192|then into Palace Yard, where the waterman of the cab-tank, in obedience to Lerigo's shouts, collared the fugitive.
LJ039-0063|with the alinement of the assassin's rifle, at a range of one hundred seventy-seven to two hundred sixty-six feet.
LJ042-0120|As my Russian improves I become increasingly conscious of just what sort of a society I live in.
LJ028-0138|perhaps the tales that travelers told him were exaggerated as travelers' tales are likely to be,
LJ002-0118|a table showing the figures for the year ending Michaelmas eighteen oh two.
LJ033-0040|Before dinner on November twenty-one, Oswald played on the lawn of the Paines' home with his daughter June.
LJ016-0315|Colonel (now Sir Edmund) Henderson was strongly in favor of them,
LJ043-0081|The counselor testified that there was some indication that Oswald was capable of doing college work
LJ044-0096|Mr. Oswald handled himself very well, as usual, end quote.
LJ036-0215|He approached the car and apparently exchanged words with Tippit through the right front or vent window.
LJ003-0018|and discipline maintained by a system open to grave abuses, and which had the prescription of long usage,
LJ019-0048|A new and still imperfectly understood science had arisen,
LJ043-0093|He also had difficulty in working with the other employees.
LJ026-0085|And this is due to the fact that in the manufacture of starch in the chlorophyll bodies
LJ040-0214|His usual reaction to the problems which he encountered there was simply withdrawal.
LJ014-0225|A handsome sum was subscribed for the injured constable, who was disabled for life.
LJ008-0260|One of the worst evils was the terrible and long-protracted uncertainty as to the result.
LJ005-0144|Yet to Clerkenwell were now committed the juveniles, and all who were inexperienced in crime.
LJ006-0278|A female prisoner kept the registers.
LJ025-0028|before it can be converted into substances fitted for absorption,
LJ015-0101|but at Mr. Fasson's pressing demands went upstairs to fetch the certificates.
LJ047-0188|Had you planned any steps beyond that point?
LJ013-0032|Mate, carpenter, and crew were eager to disavow complicity, and voluntarily gave information.
LJ022-0059|it is obvious that we cannot continue to create governmental deficits for that purpose year after year.
LJ004-0247|thus disposing of the objection so long raised against the industrial employment of prisoners in Newgate.
LJ047-0153|Having determined that Mrs. Paine was a responsible and reliable citizen, Hosty interviewed her on November one.
LJ012-0271|Whether it was greed or a quarrel that drove Greenacre to the desperate deed remains obscure.
LJ018-0252|to deeds involving on the whole some three hundred fifty thousand pounds.
LJ032-0165|to the exclusion of all others because there are not enough microscopic characteristics present in fibers.
LJ044-0105|He presented Arnold Johnson, Gus Hall,
LJ038-0157|"The only employee at the Depository Building named ""Junior"" was James Jarman, Jr."
LJ034-0058|the Commission considered the possibility that Oswald handled these cartons as part of his normal duties.
LJ006-0230|Often the victim, goaded to madness, attacked his tormentors; a fight was then certain to follow.
LJ048-0073|The FBI Manual of Instructions provided, quote, Liaison With Other Government Agencies
LJ026-0161|with the part played by the same substances in starch formation (photosynthesis).
LJ024-0138|During the past half century the balance of power between the three great branches of the federal government,
LJ014-0125|Mrs. Manning was not without personal charms;
LJ039-0006|Another alleged threat by Oswald against a public figure involved former Vice President Richard M. Nixon.
LJ026-0052|In the nutrition of the animal the most essential and characteristic part of the food supply is derived from vegetable
LJ021-0163|But as for this country, I stand or fall by my refusal to accept as a necessary condition of our future
LJ049-0228|the Commission believes that the facts of the assassination of President Kennedy point to certain measures which,
LJ016-0337|In the houses opposite the prison numbers of detectives mixed with the spectators;
LJ001-0114|an ugly pear-shaped swelling defacing the form of the letter:
LJ007-0073|to that line of conduct which his duty imposed on him
LJ008-0102|"A little further off, says Mr. Smith, was ""a lath of a fellow past three-score years and ten,"
LJ041-0028|Sometime during this period, and under circumstances to be discussed more fully below,
LJ012-0260|The murdered individual was thus identified. The next step was to ascertain where and with whom she had last been seen.
LJ016-0267|On the contrary, the prevailing sentiment was one of satisfaction at the success of the spectacle.
LJ035-0166|While it was difficult to determine exactly when the police sealed off the building,
LJ043-0140|He also studied Dallas bus schedules to prepare for his later use of buses to travel to and from General Walker's house.
LJ024-0115|To them I say: we cannot rely on an amendment as the immediate or only answer to our present difficulties.
LJ024-0118|Look at these strange bed-fellows of yours.
LJ018-0387|The flower had berries also of bread fixed on stems made from the fiber drawn from the stuffing of his mattress,
LJ019-0318|was to be the rule for all convicted prisoners throughout the early stages of their detention;
LJ028-0247|Owing to the vast size of the place, the inhabitants of the central parts (as the residents of Babylon declare),
LJ022-0142|The National Industrial Recovery Act expires on the sixteenth of June.
LJ020-0106|While your bread is taking a three hours rise, you are free in body and mind for other things.
LJ047-0033|The Bureau made arrangements to be advised by immigration authorities of his return,
LJ002-0216|The shameful malpractices of Bambridge,
LJ038-0291|Other details described by Marina Oswald coincide with facts developed independently of her statements.
LJ037-0225|five foot eight inches, black hair, slender, wearing a white jacket, white shirt and dark slacks, end quote,
LJ040-0155|in spite of chronic truancy from school which brought him into Youth House.
LJ043-0096|became involved in conflicts, some of which were fairly heated, with his fellow employees.
LJ004-0161|"""the indescribable stench,"" presented together a concentration of the utmost misery and the utmost guilt."
LJ046-0096|Nevertheless the procedures and advice should be accepted if the President wishes to have any security.
LJ018-0174|and the prominent part he played secured for him on conviction the heaviest sentence of the law.
LJ049-0042|At that time the agents on the framing boards of the follow-up car were expected to perform such a function.
LJ043-0173|and the trail of evidence he left behind him on that occasion.
LJ043-0070|Oswald obtained a job in July of nineteen sixty-two as a sheet metal worker with a company in Fort Worth.
LJ029-0122|Elm Street, parallel to Main Street and one block north,
LJ028-0058|Early he married Amuhia, a daughter of the Medean king.
LJ018-0203|Proceeding cautiously down the stairs, they found that the flooring at the bottom had been taken up.
LJ050-0168|with the particular purposes of the agency involved. The Commission recognizes that this is a controversial area
LJ027-0117|"""Now, here again the former theory appears to be triumphant over the latter,"" says Romanes,"
LJ013-0200|The jury without hesitation found Courvoisier guilty, and he was sentenced to death.
LJ017-0151|The latter seems to have succumbed only too willingly to his fascinations, and to have as readily agreed to marry him,
LJ025-0042|They retain the hydrogen and the carbon, exhale the superfluous oxygen and absorb little or no nitrogen.
LJ016-0395|The diet of the condemned is the ordinary diet of the prison,
LJ017-0046|Great personages occupied seats upon the bench;
LJ005-0257|during which time a host of witnesses were examined, and the committee presented three separate reports,
LJ023-0134|and reject the legislative powers which the courts have today assumed.
LJ025-0081|has no permanent digestive cavity or mouth, but takes in its food anywhere and digests, so to speak, all over its body.
LJ042-0168|He must be opposed to their basic foundations and representatives, end quote.
LJ022-0186|Twenty years of experience with this system have justified the efforts made to create it,
LJ020-0080|Pinch the dough hard to stop the mouths of these cavities,
LJ042-0113|George De Mohrenschildt thought that Oswald must have become disgusted with life in the Soviet Union as the novelty
LJ050-0155|Also the Department requests the sum of one hundred thousand dollars to conduct a detailed feasibility study;
LJ019-0100|but the session was far advanced, and the matter was relegated to the following year.
LJ028-0480|the exalted prince, the protector of Esagil and Ezida, son of Nabopolassar, King of Babylon, am I.
LJ042-0065|I am shocked! My dreams! I have waited for two years to be accepted.
LJ050-0058|which was the possibility of an attempt against the person or safety of the President.
LJ040-0181|They reflect a considerable amount of impoverishment in the social and emotional areas.
LJ048-0159|Agent Lawson did not arrange for a prior inspection of buildings along the motorcade route,
LJ012-0009|It turned out that he was really married to Mrs. Canning,
LJ017-0145|Dr. Smethurst was long an inmate of Newgate, and was tried at the Central Criminal Court.
LJ003-0140|otherwise he would have been stripped of his clothes. End quote.
LJ006-0270|But no search was made to intercept prohibited articles at the gate, and there was no permanent gate-keeper,
LJ006-0308|The governor sent down wine on festive occasions, of which no doubt the prisoner housemaid had her share.
LJ016-0166|and surgical opinion stated that the stoppage of circulation was the cause of death.
LJ043-0045|He also said that he and his family got along well with Marina Oswald and enjoyed showing her American things.
LJ028-0289|For he cut off his own nose and ears, and then, clipping his hair close and flogging himself with a scourge,
LJ019-0312|with the local jurisdictions, although still very leniently disposed.
LJ028-0019|The stars come out one by one and shine brighter than elsewhere as if to light you on your way.
LJ033-0161|On the day of the assassination, the Dallas police obtained a sample of wrapping paper and tape
LJ018-0241|forthwith brought an ejectment on the possessor of lands purchased on the authority of the forged conveyance and will.
LJ047-0185|I had now established that Lee Oswald was not employed in a sensitive industry.
LJ046-0173|to advise the field office if the subject displays signs of increased danger or plans to leave his home area.
LJ006-0280|The clothing was still meager and ragged: the washing places insufficient, and wanting in decency;
LJ010-0216|and it is said that he is a military officer, but his name has not yet transpired.
LJ028-0170|In the middle of the precinct there was a tower of solid masonry, a furlong in length and breadth,
LJ006-0305|The house at this time was full of men and visitors; waiters came in from the taverns with meals.
LJ033-0011|fiber, and paper analyses linking Oswald and the assassination weapon to this bag.
LJ027-0155|Now I do not deny that this view is a possible view; but I do deny that it is a probable one.
LJ009-0005|which persons under sentence of death obtain from all the officers of the prison.
LJ014-0322|The dock warrant was issued by the wharfinger as certificate that he held the goods.
LJ030-0213|Hill heard a second shot, proximately five seconds after the first, which removed a portion of the President's head.
LJ004-0127|In one hundred jails,
LJ038-0234|Although Oswald destroyed the notebook, three photographs found among Oswald's possessions after the assassination
LJ028-0428|has been removed, and the surrounding city walls have been traced.
LJ048-0069|Efforts made by the Bureau since the assassination, on the other hand,
LJ011-0221|and was brought from Newgate, at his own request, to oppose the second reading of the bill.
LJ018-0216|William was brought up as an attorney, and became in due course his father's man of business.
LJ044-0039|they said something about remodeling, etc. I'm sure you understand, end quote.
LJ034-0019|on which appeared the print of the left index finger and right palm of Lee Harvey Oswald.
LJ018-0233|To this fraudulent instrument he appended forged signatures, and in due course obtained probate.
LJ024-0141|You who know me will accept my solemn assurance that in a world in which democracy is under attack,
LJ040-0237|authorities were finally forced to consider placement in a home for boys.
LJ043-0040|by so-called exploitation of his mother by the capitalist system.
LJ018-0177|But as there was no independent corroboration of the informer's evidence, according to the custom of the British law,
LJ046-0118|In addition to this function, PRS is responsible for such tasks
LJ026-0087|In this way some of the radiant and kinetic energy of the sun comes to be stored up as potential energy in the starch.
LJ049-0186|the Commission received a number of proposals designed to improve current arrangements for protecting the President.
LJ047-0003|Information known about Lee Harvey Oswald prior to the assassination.
LJ028-0049|and in that same year Nabopolassar, the father of the great Nebuchadnezzar, became the King of Babylon.
LJ014-0112|A telegraphic message, then newly adapted to the purposes of criminal detection,
LJ010-0004|only premising that as accounts become more voluminous I shall be compelled to deal with fewer cases,
LJ012-0169|The murder was still fresh in the memory of the populace, and Probert was all but lynched on his way to jail.
LJ042-0077|Quote, I Lee Harvey Oswald do hereby request that my present citizenship in the United States of America, be revoked.
LJ003-0183|sometimes girls of thirteen, twelve, even ten or nine years of age, were exposed to, quote,
LJ001-0144|the words may be set much closer together, without loss of clearness.
LJ017-0113|After this the step-father insisted upon a post-mortem, which was conducted somewhat carelessly.
LJ008-0137|He bowed his head under extreme pressure of ignominy,
LJ016-0379|All as a rule, unless poignant remorse has brought a desire to court their richly-merited retribution, are buoyed up
LJ011-0017|The impression which his appearance altogether was calculated to make was that of the profoundest commiseration.
LJ040-0088|which he did for four months in the fall of nineteen forty-eight.
LJ046-0111|The Secret Service has attempted to perform this function through the activities of its Protective Research Section
LJ004-0246|They used their own tools, and this without any dangerous consequences as regards facilitating the escape of others,
LJ039-0140|Soon after Oswald returned from the Soviet Union
LJ041-0162|Thornley also testified about an incident which grew
LJ032-0231|and other details in the picture.
LJ003-0343|With the seeming impossibility of extending the limits of the prison as it then stood,
LJ002-0245|The prison was a nest of abuses, like its neighbor the King's Bench
LJ018-0305|The bills were sent as a matter of form to the drawer to have the date added, and the forgery was at once detected.
LJ004-0083|As Mr. Buxton pointed out, many old acts of parliament designed to protect the prisoner were still in full force.
LJ045-0039|His past relationships with his wife had been stormy, however, and it did not seem that she respected him very much.
LJ010-0006|Certain crimes, those against the person especially, diminished gradually. They became less easy or remunerative.
LJ046-0032|or their desire to have frequent and easy access to the people.
LJ015-0012|Cole too was apprehended, and in due course tried at the Central Criminal Court.
LJ041-0024|Oswald erased those names, however, and indicated that he had no close friends.
LJ032-0011|(four) the killing of Dallas Patrolman J. D. Tippit within forty-five minutes after the assassination, (five)
LJ004-0109|according to their categories or crimes.
LJ028-0420|That was the first object taken from Babylon to Europe;
LJ050-0078|In June nineteen sixty-four, the Secret Service sent to a number of Federal law enforcement and intelligence agencies
LJ028-0006|you ascend the hill to the plateau, and before you, as far as the eye can reach, stretches the great Arabian Desert.
LJ038-0105|They discovered two photographs, each showing Oswald with a rifle and a pistol.
LJ045-0177|For the first time
LJ034-0168|Ronald Fischer and Robert Edwards were standing on the curb at the southwest corner of Elm and Houston Streets,
LJ019-0111|healthful, easily learnt, and well adapted to the circumstances of unskilled laborers.
LJ026-0095|Food (starch) thus produced in the green leaves of higher plants and the inorganic foods
LJ046-0001|Report of the President's Commission on the Assassination of President Kennedy. The Warren Commission Report. By
LJ031-0012|The base station replied, quote, They have been notified, end quote,
LJ025-0074|has broken down, so far, at least, as his mode of stating it goes. And
LJ017-0220|The six Spaniards, the Greek, and the Turk were in the same watch,
LJ016-0182|he was a shoemaker by trade, and settled in London after his marriage in eighteen twenty-five.
LJ041-0188|The eyes of the future became the eyes of God.
LJ014-0256|It seems incredible that this passbook, which when produced in court
LJ011-0082|he came to London, where he practiced as a professional swindler and cheat.
LJ014-0039|Hocker was so overcome, feeling himself the principal cause of the tragedy,
LJ038-0039|Three other officers, moving toward the scuffle, grabbed Oswald from the front, rear and side.
LJ034-0012|"Atop this carton was a small carton marked ""Rolling Readers,"" measuring approximately thirteen by nine by eight inches."
LJ024-0126|My record as Governor and President proves my devotion to those liberties.
LJ026-0099|are absorbed by the circulating liquids (blood and lymph) and transported to all cells of the animal body.
LJ017-0194|that immediately afterwards Mrs. Soames was taken ill with vomiting and purging,
LJ028-0147|and when a sufficient number were completed they baked the bricks in kilns.
LJ013-0161|the furniture turned upside down, the drawers of the escritoire open and rifled,
LJ029-0002|Chapter two. The Assassination: Part one.
LJ013-0123|The club spoons and other articles of plate were long a source of profitable income to a gentleman named Ashley,
LJ023-0027|It will take time -- and plenty of time -- to work out our remedies administratively even after legislation is passed.
LJ038-0159|Jarman did talk to Oswald that morning: Quote,
LJ023-0096|In the case of holding the A.A.A. unconstitutional,
LJ032-0149|Latona's findings were also confirmed by Ronald G. Wittmus, another FBI fingerprint expert.
LJ014-0220|All this time not one of a numerous body of bystanders offered to assist the policeman in his extremity.
LJ017-0229|Meanwhile the captain, roused from his berth,
LJ011-0133|This amendment was strongly supported outside the House, and a petition in favor of its passing was presented,
LJ017-0064|he made use of the remarkable words, quote, If it is necessary for my soul's sake to confess this murder,
LJ049-0112|bear no relationship to the injury to the United States which follows from the act.
LJ016-0020|He never reached the cistern, but fell back into the yard, injuring his legs severely.
LJ018-0300|"The sums obtained by Bidwell in the name of ""Warren"" at the Bank of England"
LJ022-0097|It will also have the responsibility of determining work payments in various localities,
LJ038-0258|The Dallas City-County Investigation Laboratory tried to determine the type of weapon which fired the bullet.
